{"cameraMode":{"drawMode":0,"name":"Shaded","section":"Shading Mode"},"sceneLighting":true,"audioPlay":false,"sceneViewState":{"showFog":true,"showMaterialUpdate":false,"showSkybox":true,"showFlares":true,"showImageEffects":true,"showParticleSystems":true},"in2DMode":false,"pivot":{"x":6.602183818817139,"y":-4.475864887237549,"z":5.589221477508545},"rotation":{"x":-0.20890146493911744,"y":-0.34556594491004946,"z":0.07919848710298538,"w":-0.9114277958869934},"size":10.0,"orthographic":false}